"id","name","createdAt","updatedAt"
1,"Big O","2004-10-19 10:23:54+08","2004-10-19 10:23:54+08"
2,"HTML1","2004-10-19 10:24:54+08","2004-10-19 10:24:54+08"
3,"HTML2","2004-10-19 10:25:54+08","2004-10-19 10:25:54+08"
4,"Apple","2004-10-19 10:26:54+08","2004-10-19 10:26:54+08"
5,"introduction to HTML5","2004-10-19 10:27:54+08","2004-10-19 10:27:54+08"
6,"Introduction to ReactJS","2004-10-19 10:28:54+08","2004-10-19 10:28:54+08"
7,"Introduction to JavaScript","2004-10-19 10:29:54+08","2004-10-19 10:29:54+08"
8,"Introduction to Java","2004-10-19 10:30:54+08","2004-10-19 10:30:54+08"
9,"Introduction to Java1","2004-10-19 10:34:54+08","2004-10-19 10:34:54+08"
